Country,Currency,Date,Exchange_Rate,Base_Currency,Timestamp
ABW,AWG,202512,0.558659217877095,USD,2026-01-18T11:15:50.516731
AIA,XCD,202512,0.3703703703703704,USD,2026-01-18T11:15:50.516731
AND,EUR,202512,1.170871428571428,USD,2026-01-18T11:15:50.516731
ARE,AED,202512,0.2722940776038121,USD,2026-01-18T11:15:50.516731
ARG,ARS,202512,0.0006929628033505,USD,2026-01-18T11:15:50.516731
ARM,AMD,202512,0.0026211632722602,USD,2026-01-18T11:15:50.516731
ATG,XCD,202512,0.3703703703703704,USD,2026-01-18T11:15:50.516731
AUS,AUD,202512,0.663733333333333,USD,2026-01-18T11:15:50.516731
BEN,XOF,202512,0.0017849819859707,USD,2026-01-18T11:15:50.516731
BFA,XOF,202512,0.0017849819859707,USD,2026-01-18T11:15:50.516731
BGD,BDT,202512,0.0081771225311525,USD,2026-01-18T11:15:50.516731
BGR,BGN,202512,0.5983366241847663,USD,2026-01-18T11:15:50.516731
BHR,BHD,202512,2.659574468085106,USD,2026-01-18T11:15:50.516731
BHS,BSD,202512,1.0,USD,2026-01-18T11:15:50.516731
BLZ,BZD,202512,0.5,USD,2026-01-18T11:15:50.516731
BMU,BMD,202512,1.0,USD,2026-01-18T11:15:50.516731
BRA,BRL,202512,0.1834027206959967,USD,2026-01-18T11:15:50.516731
BRB,BBD,202512,0.5,USD,2026-01-18T11:15:50.516731
BRN,BND,202512,0.7742471326461302,USD,2026-01-18T11:15:50.516731
BTN,BTN,202512,0.0110998537291547,USD,2026-01-18T11:15:50.516731
BWA,BWP,202512,0.0759019043787808,USD,2026-01-18T11:15:50.516731
CAF,XAF,202512,0.0017849819859707,USD,2026-01-18T11:15:50.516731
CAN,CAD,202512,0.7249003262051468,USD,2026-01-18T11:15:50.516731
CHE,CHF,202512,1.254603948417855,USD,2026-01-18T11:15:50.516731
CHL,CLP,202512,0.0010917915988196,USD,2026-01-18T11:15:50.516731
CHN,CNY,202512,0.1419700146422711,USD,2026-01-18T11:15:50.516731
CIV,XOF,202512,0.0017849819859707,USD,2026-01-18T11:15:50.516731
CMR,XAF,202512,0.0017849819859707,USD,2026-01-18T11:15:50.516731
COG,XAF,202512,0.0017849819859707,USD,2026-01-18T11:15:50.516731
COL,COP,202512,0.0002635094718479,USD,2026-01-18T11:15:50.516731
COM,KMF,202512,0.0023799759812943,USD,2026-01-18T11:15:50.516731
CRI,CRC,202512,0.002021021887341,USD,2026-01-18T11:15:50.516731
CUW,XCG,202512,0.558659217877095,USD,2026-01-18T11:15:50.516731
CWX,,202512,0.558659217877095,USD,2026-01-18T11:15:50.516731
CYM,KYD,202512,1.2000048000192,USD,2026-01-18T11:15:50.516731
CZE,CZK,202512,0.0482509047044632,USD,2026-01-18T11:15:50.516731
DJI,DJF,202512,0.0056267970583104,USD,2026-01-18T11:15:50.516731
DMA,XCD,202512,0.3703703703703704,USD,2026-01-18T11:15:50.516731
DNK,DKK,202512,0.156662266545807,USD,2026-01-18T11:15:50.516731
DOM,DOP,202512,0.0157128322773,USD,2026-01-18T11:15:50.516731
DZA,DZD,202512,0.0077101715667377,USD,2026-01-18T11:15:50.516731
ECU,USD,202512,1.0,USD,2026-01-18T11:15:50.516731
ERI,ERN,202512,0.066334991708126,USD,2026-01-18T11:15:50.516731
FJI,FJD,202512,0.4383849896979527,USD,2026-01-18T11:15:50.516731
FSM,USD,202512,1.0,USD,2026-01-18T11:15:50.516731
G163,EUR,202512,1.170871428571428,USD,2026-01-18T11:15:50.516731
G309,,202512,0.3703703703703704,USD,2026-01-18T11:15:50.516731
G758,,202512,0.0017849819859707,USD,2026-01-18T11:15:50.516731
G759,,202512,0.0017849819859707,USD,2026-01-18T11:15:50.516731
GAB,XAF,202512,0.0017849819859707,USD,2026-01-18T11:15:50.516731
GBR,GBP,202512,1.337792857142857,USD,2026-01-18T11:15:50.516731
GEO,GEL,202512,0.3705350526159775,USD,2026-01-18T11:15:50.516731
GGY,GBP,202512,1.337792857142857,USD,2026-01-18T11:15:50.516731
GIB,GIP,202512,1.337792857142857,USD,2026-01-18T11:15:50.516731
GNB,XOF,202512,0.0017849819859707,USD,2026-01-18T11:15:50.516731
GNQ,XAF,202512,0.0017849819859707,USD,2026-01-18T11:15:50.516731
GRD,XCD,202512,0.3703703703703704,USD,2026-01-18T11:15:50.516731
GTM,GTQ,202512,0.1305883658824835,USD,2026-01-18T11:15:50.516731
HKG,HKD,202512,0.1285016705217168,USD,2026-01-18T11:15:50.516731
HND,HNL,202512,0.0379615752934879,USD,2026-01-18T11:15:50.516731
HUN,HUF,202512,0.0030422878004259,USD,2026-01-18T11:15:50.516731
IDN,IDR,202512,5.98829715641432e-05,USD,2026-01-18T11:15:50.516731
IMN,GBP,202512,1.337792857142857,USD,2026-01-18T11:15:50.516731
IND,INR,202512,0.0110998537291547,USD,2026-01-18T11:15:50.516731
ISL,ISK,202512,0.0078938731080671,USD,2026-01-18T11:15:50.516731
ISR,ILS,202512,0.3110323162576592,USD,2026-01-18T11:15:50.516731
JAM,JMD,202512,0.006240635536338,USD,2026-01-18T11:15:50.516731
JEY,GBP,202512,1.337792857142857,USD,2026-01-18T11:15:50.516731
JOR,JOD,202512,1.408450704225352,USD,2026-01-18T11:15:50.516731
JPN,JPY,202512,0.0064149168199119,USD,2026-01-18T11:15:50.516731
KAZ,KZT,202512,0.0019551871114065,USD,2026-01-18T11:15:50.516731
KIR,AUD,202512,0.663733333333333,USD,2026-01-18T11:15:50.516731
KNA,XCD,202512,0.3703703703703704,USD,2026-01-18T11:15:50.516731
KOR,KRW,202512,0.0006814774430966,USD,2026-01-18T11:15:50.516731
KOS,EUR,202512,1.170871428571428,USD,2026-01-18T11:15:50.516731
KWT,KWD,202512,3.272876039819991,USD,2026-01-18T11:15:50.516731
LCA,XCD,202512,0.3703703703703704,USD,2026-01-18T11:15:50.516731
LIE,CHF,202512,1.254603948417855,USD,2026-01-18T11:15:50.516731
LSO,LSL,202512,0.0593325000004598,USD,2026-01-18T11:15:50.516731
MAC,MOP,202512,0.1247786893970182,USD,2026-01-18T11:15:50.516731
MDV,MVR,202512,0.0648616981211031,USD,2026-01-18T11:15:50.516731
MEX,MXN,202512,0.0552266501723071,USD,2026-01-18T11:15:50.516731
MKD,MKD,202512,0.0190278663102113,USD,2026-01-18T11:15:50.516731
MLI,XOF,202512,0.0017849819859707,USD,2026-01-18T11:15:50.516731
MNE,EUR,202512,1.170871428571428,USD,2026-01-18T11:15:50.516731
MNG,MNT,202512,0.0002817549697414,USD,2026-01-18T11:15:50.516731
MSR,XCD,202512,0.3703703703703704,USD,2026-01-18T11:15:50.516731
MUS,MUR,202512,0.0216131632809646,USD,2026-01-18T11:15:50.516731
MYS,MYR,202512,0.2443860633293158,USD,2026-01-18T11:15:50.516731
NAM,NAD,202512,0.0593323919260481,USD,2026-01-18T11:15:50.516731
NCL,XPF,202512,0.0098119060448433,USD,2026-01-18T11:15:50.516731
NER,XOF,202512,0.0017849819859707,USD,2026-01-18T11:15:50.516731
NOR,NOK,202512,0.0988142292490118,USD,2026-01-18T11:15:50.516731
NRU,AUD,202512,0.663733333333333,USD,2026-01-18T11:15:50.516731
NZL,NZD,202512,0.5778361111111112,USD,2026-01-18T11:15:50.516731
OMN,OMR,202512,2.600780234070221,USD,2026-01-18T11:15:50.516731
PAN,PAB,202512,1.0,USD,2026-01-18T11:15:50.516731
PER,PEN,202512,0.2974107767669699,USD,2026-01-18T11:15:50.516731
PHL,PHP,202512,0.0169926903110512,USD,2026-01-18T11:15:50.516731
PLW,USD,202512,1.0,USD,2026-01-18T11:15:50.516731
POL,PLN,202512,0.2772925158749965,USD,2026-01-18T11:15:50.516731
PYF,XPF,202512,0.0098119060448433,USD,2026-01-18T11:15:50.516731
QAT,QAR,202512,0.2747252747252747,USD,2026-01-18T11:15:50.516731
ROU,RON,202512,0.2300278333678375,USD,2026-01-18T11:15:50.516731
SAU,SAR,202512,0.2666666666666667,USD,2026-01-18T11:15:50.516731
SEN,XOF,202512,0.0017849819859707,USD,2026-01-18T11:15:50.516731
SGP,SGD,202512,0.774233508826262,USD,2026-01-18T11:15:50.516731
SLV,USD,202512,1.0,USD,2026-01-18T11:15:50.516731
SMR,EUR,202512,1.170871428571428,USD,2026-01-18T11:15:50.516731
SRB,RSD,202512,0.0099778889979804,USD,2026-01-18T11:15:50.516731
SWE,SEK,202512,0.1073576203109882,USD,2026-01-18T11:15:50.516731
SWZ,SZL,202512,0.0593325000004598,USD,2026-01-18T11:15:50.516731
SXM,XCG,202512,0.558659217877095,USD,2026-01-18T11:15:50.516731
TCD,XAF,202512,0.0017849819859707,USD,2026-01-18T11:15:50.516731
TGO,XOF,202512,0.0017849819859707,USD,2026-01-18T11:15:50.516731
THA,THB,202512,0.0316888258703771,USD,2026-01-18T11:15:50.516731
TLS,USD,202512,1.0,USD,2026-01-18T11:15:50.516731
TTO,TTD,202512,0.1481868283079181,USD,2026-01-18T11:15:50.516731
TUR,TRY,202512,0.0234617981568638,USD,2026-01-18T11:15:50.516731
TUV,AUD,202512,0.663733333333333,USD,2026-01-18T11:15:50.516731
TWN,TWD,202512,0.0318562645344206,USD,2026-01-18T11:15:50.516731
UGA,UGX,202512,0.0002797023729428,USD,2026-01-18T11:15:50.516731
UKR,UAH,202512,0.023696738617864,USD,2026-01-18T11:15:50.516731
URY,UYU,202512,0.0255469277903312,USD,2026-01-18T11:15:50.516731
USA,USD,202512,1.0,USD,2026-01-18T11:15:50.516731
UZB,UZS,202512,8.320645020696534e-05,USD,2026-01-18T11:15:50.516731
VCT,XCD,202512,0.3703703703703704,USD,2026-01-18T11:15:50.516731
ZAF,ZAR,202512,0.0593325000004598,USD,2026-01-18T11:15:50.516731
